{
  "hash": "ff4ea9a7",
  "configHash": "87c93f62",
  "lockfileHash": "1a1ee758",
  "browserHash": "3669fa42",
  "optimized": {
    "@angular/common": {
      "src": "../../../../../../node_modules/@angular/common/fesm2022/common.mjs",
      "file": "@angular_common.js",
      "fileHash": "f2456ba1",
      "needsInterop": false
    },
    "@angular/common/http": {
      "src": "../../../../../../node_modules/@angular/common/fesm2022/http.mjs",
      "file": "@angular_common_http.js",
      "fileHash": "7e37aa56",
      "needsInterop": false
    },
    "@angular/core": {
      "src": "../../../../../../node_modules/@angular/core/fesm2022/core.mjs",
      "file": "@angular_core.js",
      "fileHash": "482a3b40",
      "needsInterop": false
    },
    "@angular/forms": {
      "src": "../../../../../../node_modules/@angular/forms/fesm2022/forms.mjs",
      "file": "@angular_forms.js",
      "fileHash": "e222016b",
      "needsInterop": false
    },
    "@angular/platform-browser": {
      "src": "../../../../../../node_modules/@angular/platform-browser/fesm2022/platform-browser.mjs",
      "file": "@angular_platform-browser.js",
      "fileHash": "eabff092",
      "needsInterop": false
    },
    "@angular/router": {
      "src": "../../../../../../node_modules/@angular/router/fesm2022/router.mjs",
      "file": "@angular_router.js",
      "fileHash": "091d482f",
      "needsInterop": false
    },
    "rxjs": {
      "src": "../../../../../../node_modules/rxjs/dist/esm5/index.js",
      "file": "rxjs.js",
      "fileHash": "37d09c72",
      "needsInterop": false
    },
    "rxjs/operators": {
      "src": "../../../../../../node_modules/rxjs/dist/esm5/operators/index.js",
      "file": "rxjs_operators.js",
      "fileHash": "02e3a6fe",
      "needsInterop": false
    },
    "zone.js": {
      "src": "../../../../../../node_modules/zone.js/fesm2015/zone.js",
      "file": "zone__js.js",
      "fileHash": "5121aac9",
      "needsInterop": true
    }
  },
  "chunks": {
    "chunk-HWN6PLSJ": {
      "file": "chunk-HWN6PLSJ.js"
    },
    "chunk-MEK2XTJL": {
      "file": "chunk-MEK2XTJL.js"
    },
    "chunk-74UC7OPV": {
      "file": "chunk-74UC7OPV.js"
    },
    "chunk-MNDS4BZZ": {
      "file": "chunk-MNDS4BZZ.js"
    },
    "chunk-QN3Z6SWW": {
      "file": "chunk-QN3Z6SWW.js"
    },
    "chunk-BLBO2J23": {
      "file": "chunk-BLBO2J23.js"
    },
    "chunk-S4RMZLL2": {
      "file": "chunk-S4RMZLL2.js"
    },
    "chunk-N4T3DK4O": {
      "file": "chunk-N4T3DK4O.js"
    },
    "chunk-TJFVSI2U": {
      "file": "chunk-TJFVSI2U.js"
    }
  }
}